Id,Label,timeset,incidência-2017,incidência - 2018,incidência - 2019,modularity_class,pageranks
Campo Belo,Campo Belo,,16.64,18.36,686.89,6,0.002153
Santa Juliana,Santa Juliana,,38.64,336.32,909.55,6,0.002113
Bonfinópolis de Minas,Bonfinópolis de Minas,,17.15,0,252.53,5,0.000982
Sete Lagoas,Sete Lagoas,,14.22,15.66,1587.96,5,0.006259
Pedrinópolis,Pedrinópolis,,0,27.23,2647.55,6,0.001303
Mato Verde,Mato Verde,,240.4,980.62,2230.57,5,0.001717
Pai Pedro,Pai Pedro,,64.91,339.59,1660.09,5,0.000649
Belo Horizonte,Belo Horizonte,,69.45,41.25,2942.43,0,0.031683
Rio Acima,Rio Acima,,60.46,39.51,1117.32,0,0.000508
Capim Branco,Capim Branco,,31.46,20.67,3988.02,5,0.000541
Pedro Leopoldo,Pedro Leopoldo,,50.83,14.1,1431.28,5,0.00142
Raposos,Raposos,,117.07,24.41,221.17,0,0.000508
Nova Lima,Nova Lima,,189.1,58.58,603.78,0,0.000615
Gonzaga,Gonzaga,,242.4,0,455.66,0,0.00106
Governador Valadares,Governador Valadares,,1052.58,57.32,105.5,1,0.007744
Pará de Minas,Pará de Minas,,184.3,24.8,1992.46,6,0.003763
Perdizes,Perdizes,,12.79,31.4,287.34,6,0.001987
Porteirinha,Porteirinha,,1237.09,219.41,363.64,5,0.002527
Estrela Dalva,Estrela Dalva,,0,0,0,2,0.000513
Volta Grande,Volta Grande,,0,0,324.24,2,0.000707
Florestal,Florestal,,277.43,27.24,3696.18,6,0.000447
Juatuba,Juatuba,,255.11,69.57,4836.88,6,0.003584
Betim,Betim,,179.24,34.18,6894.3,6,0.005051
Brumadinho,Brumadinho,,79.25,38.6,708.5,6,0.000974
Formiga,Formiga,,36.74,42.38,1046.79,6,0.00339
Buritis,Buritis,,53.39,0,4156.02,5,0.001339
Marilac,Marilac,,46.78,23.51,2539.91,0,0.000485
Virgolândia,Virgolândia,,17.66,35.63,295.2,0,0.001196
Guaxupé,Guaxupé,,44.31,49.72,214.49,4,0.002467
Juruaia,Juruaia,,79.01,19.34,57.47,4,0.000453
Monte Alegre de Minas,Monte Alegre de Minas,,599.35,80.59,533.36,6,0.00153
Nova Serrana,Nova Serrana,,66.77,674.9,3061.04,6,0.003968
Orizânia,Orizânia,,0,0,25.14,3,0.001139
Santa Margarida,Santa Margarida,,12.51,0,6.21,3,0.001181
Cônego Marinho,Cônego Marinho,,105.76,39.35,5095.46,5,0.00043
Januária,Januária,,20.51,29.16,1410.66,5,0.002528
Pirapetinga,Pirapetinga,,0,18.39,27.96,2,0.000628
Eugenópolis,Eugenópolis,,44.77,53.17,793.37,3,0.000769
Tombos,Tombos,,0,11.4,170.71,3,0.001048
Icaraí de Minas,Icaraí de Minas,,8.6,321.08,353.57,5,0.000259
São Francisco,São Francisco,,354.47,59.85,1436.89,5,0.002269
Itaobim,Itaobim,,23.19,0,4.74,1,0.002826
Mata Verde,Mata Verde,,11.87,11.71,0,1,0.000815
Juramento,Juramento,,0,0,2710.84,5,0.000528
Montes Claros,Montes Claros,,27.64,60.69,800.63,5,0.006596
Manga,Manga,,45.87,794.96,414.11,5,0.001423
Miravânia,Miravânia,,0,40.94,4196.67,5,0.000522
Nova Porteirinha,Nova Porteirinha,,65.48,1333.68,1825.69,5,0.000366
Confins,Confins,,108.06,60.53,886.29,5,0.000362
Esmeraldas,Esmeraldas,,202.36,79.7,1695.16,0,0.000374
Contagem,Contagem,,135.64,83.36,3807.33,6,0.000806
Santana do Manhuaçu,Santana do Manhuaçu,,11.31,0,11.52,3,0.001253
São José do Mantimento,São José do Mantimento,,0,0,0,3,0.000461
Berilo,Berilo,,8.04,8.09,208.42,0,0.000643
Virgem da Lapa,Virgem da Lapa,,7.13,7.12,79.92,0,0.001095
Araújos,Araújos,,68.43,644.73,1104.79,6,0.000961
Perdigão,Perdigão,,230.41,184.4,1777.94,6,0.001156
Taparuba,Taparuba,,31.22,93.87,1667.2,3,0.000681
Bugre,Bugre,,96.76,48.24,98.18,1,0.000306
Ipatinga,Ipatinga,,501.66,679.17,178.31,1,0.007208
Congonhas,Congonhas,,24.61,16.72,470.51,2,0.002522
Jeceaba,Jeceaba,,37.78,153.58,4846.17,2,0.000473
Passos,Passos,,119.34,138.92,2526.36,4,0.003942
São João Batista do Glória,São João Batista do Glória,,13.62,26.91,1093.56,4,0.000399
Itatiaiuçu,Itatiaiuçu,,9.28,27.32,5200.69,6,0.00065
Carangola,Carangola,,11.95,8.94,333.45,3,0.002234
Faria Lemos,Faria Lemos,,0,0,30.66,3,0.000258
Claro dos Poções,Claro dos Poções,,12.72,89.53,2305.67,5,0.000249
Chapada do Norte,Chapada do Norte,,0,6.38,6.51,0,0.000661
Delfim Moreira,Delfim Moreira,,0,12.19,0,4,0.000496
Itajubá,Itajubá,,6.25,10.31,42.54,4,0.003881
Marmelópolis,Marmelópolis,,0,0,0,4,0.000496
Astolfo Dutra,Astolfo Dutra,,14.35,155.83,85.2,2,0.001712
Rodeiro,Rodeiro,,104.53,2049.13,825.93,2,0.00054
Baldim,Baldim,,24.78,12.42,764.23,0,0.0008
Funilândia,Funilândia,,47.66,46.76,4089.22,0,0.000487
Patrocínio,Patrocínio,,49.63,96.68,2244.53,6,0.002806
Muriaé,Muriaé,,99.75,144.65,721.47,2,0.005318
Pedra Dourada,Pedra Dourada,,0,40.78,0,3,0.000634
Caparaó,Caparaó,,0,0,55.31,3,0.000621
Espera Feliz,Espera Feliz,,0,16.13,56.51,3,0.001433
Pedra do Anta,Pedra do Anta,,0,61.16,32.26,2,0.000337
Teixeiras,Teixeiras,,16.96,8.45,42.92,2,0.001414
Manhuaçu,Manhuaçu,,12.67,7.9,266.65,3,0.003816
Reduto,Reduto,,0,0,225.19,3,0.00158
Almenara,Almenara,,363.23,4.79,7.2,1,0.003128
Bandeira,Bandeira,,99.62,0,0,1,0.000247
Patos de Minas,Patos de Minas,,367.7,56.99,2795.14,6,0.003637
São Gonçalo do Abaeté,São Gonçalo do Abaeté,,147.49,101.48,1386.68,6,0.000403
São João do Manhuaçu,São João do Manhuaçu,,0,0,43.71,3,0.00136
Rio Manso,Rio Manso,,17.59,86.6,1798.37,6,0.000632
Mantena,Mantena,,24.95,213.28,502.89,1,0.001233
Nova Belém,Nova Belém,,28.1,57.72,61.44,1,0.000395
Dona Eusébia,Dona Eusébia,,0,0,0,2,0.001335
Ubá,Ubá,,165.75,1533.1,249.42,2,0.003972
Nova Módica,Nova Módica,,0,0,82.71,1,0.000533
São José do Divino,São José do Divino,,101.42,0,232.86,1,0.000533
Andradas,Andradas,,4.99,14.74,66.26,4,0.000967
Jacutinga,Jacutinga,,4.01,0,35.04,4,0.001029
Cataguases,Cataguases,,36.4,29.32,117.82,2,0.002483
Cambuí,Cambuí,,6.98,0,3.42,4,0.001869
Gonçalves,Gonçalves,,0,0,0,4,0.001087
Alto Caparaó,Alto Caparaó,,0,0,0,3,0.000545
Alto Jequitibá,Alto Jequitibá,,0,0,0,3,0.000908
Chapada Gaúcha,Chapada Gaúcha,,56.02,61.68,2679.7,5,0.000554
Itacarambi,Itacarambi,,16.32,59.64,1681.18,5,0.001181
Muzambinho,Muzambinho,,9.52,4.76,67.98,4,0.002318
Nova Resende,Nova Resende,,12.17,6.01,30.1,4,0.000453
Córrego do Bom Jesus,Córrego do Bom Jesus,,0,0,26.93,4,0.000336
Arinos,Arinos,,241.48,104.15,654.07,5,0.001423
Gameleiras,Gameleiras,,0,876.86,3494.73,5,0.000259
Monte Azul,Monte Azul,,13.64,119.36,1394.11,5,0.001817
Senador Amaral,Senador Amaral,,18.45,18.39,0,4,0.000341
Manhumirim,Manhumirim,,0,0,190.2,3,0.002046
Carrancas,Carrancas,,0,0,123.64,4,0.00034
Lavras,Lavras,,32.92,7.83,210.26,4,0.00434
Arcos,Arcos,,7.64,1067.54,8152.19,6,0.002093
Santa Maria do Salto,Santa Maria do Salto,,18.54,18.58,0,1,0.000375
"Águas Vermelhas",Águas Vermelhas,,215.66,22.1,89.04,1,0.000381
Divisa Alegre,Divisa Alegre,,46.31,0,1223.52,1,0.001157
Caranaíba,Caranaíba,,0,60.62,62.5,2,0.000426
Cristiano Otoni,Cristiano Otoni,,19.22,38.28,194.36,2,0.001781
Mar de Espanha,Mar de Espanha,,31.82,7.85,353.63,2,0.001212
Senador Cortes,Senador Cortes,,0,48.8,1494.77,2,0.000354
Caputira,Caputira,,0,0,75.37,3,0.000248
Itutinga,Itutinga,,0,25.47,78.76,2,0.000952
Itaú de Minas,Itaú de Minas,,75.49,105.71,1055.33,4,0.001725
Pratápolis,Pratápolis,,772.68,0,1122.43,4,0.00088
Conceição das Pedras,Conceição das Pedras,,0,34.99,71.15,4,0.000684
Pedralva,Pedralva,,25.81,0,0,4,0.001157
Leme do Prado,Leme do Prado,,581.98,0,590.03,0,0.000527
Minas Novas,Minas Novas,,9.4,9.37,85.79,0,0.002134
Montalvânia,Montalvânia,,177.45,1499.71,286.44,5,0.001792
Ipanema,Ipanema,,5.14,5.07,319.52,3,0.001594
Rio do Prado,Rio do Prado,,0,37.72,96.77,1,0.000704
Nacip Raydan,Nacip Raydan,,0,0,0,0,0.001196
São João do Pacuí,São João do Pacuí,,0,250.23,979.72,0,0.000568
Coração de Jesus,Coração de Jesus,,33.37,25.88,2094.61,0,0.000646
Cruzília,Cruzília,,19.52,0,13.02,4,0.001065
São Thomé das Letras,São Thomé das Letras,,0,0,0,4,0.000666
São João das Missões,São João das Missões,,0,450.94,961.31,5,0.000812
Pescador,Pescador,,559.05,46.39,141.31,1,0.000533
Rio Pardo de Minas,Rio Pardo de Minas,,6.51,9.67,64.98,5,0.00058
Taiobeiras,Taiobeiras,,21.01,8.87,318.98,5,0.001523
Martins Soares,Martins Soares,,0,0,325.34,3,0.00152
Cipotânea,Cipotânea,,0,0,14.76,2,0.000512
Desterro do Melo,Desterro do Melo,,0,0,856.46,2,0.000512
Barroso,Barroso,,9.67,28.73,159.27,2,0.001223
Carandaí,Carandaí,,15.97,27.59,122.4,2,0.00126
Leopoldina,Leopoldina,,62.09,48.73,197.97,2,0.003416
Poté,Poté,,151.5,24.04,6.06,1,0.001199
Teófilo Otoni,Teófilo Otoni,,979.82,66.23,64.89,1,0.00552
Açucena,Açucena,,108.48,170.05,20.89,0,0.001127
Guanhães,Guanhães,,14.9,14.68,82.22,0,0.003611
Itabirinha,Itabirinha,,0,0,0,1,0.000653
Passabém,Passabém,,0,0,0,0,0.000637
São Sebastião do Rio Preto,São Sebastião do Rio Preto,,0,0,0,0,0.000637
Mamonas,Mamonas,,30.34,1509.66,673.61,5,0.000459
Arceburgo,Arceburgo,,19.28,66.18,1088.49,4,0.000793
Monte Santo de Minas,Monte Santo de Minas,,13.69,18.22,334.35,4,0.000793
Caiana,Caiana,,18.68,0,0,3,0.000329
Caratinga,Caratinga,,50.67,15.24,25.14,1,0.003886
Piedade de Caratinga,Piedade de Caratinga,,62.44,72.75,23.74,3,0.000314
Divinópolis,Divinópolis,,34.22,35.33,1092.48,6,0.004747
São Sebastião do Oeste,São Sebastião do Oeste,,31.1,30.35,508.68,6,0.000448
Córrego Fundo,Córrego Fundo,,32.22,0,222.58,6,0.000381
Guiricema,Guiricema,,34.2,1227.91,118.46,2,0.000623
Visconde do Rio Branco,Visconde do Rio Branco,,250.11,1867.31,927.66,2,0.001769
São Pedro da União,São Pedro da União,,0,40.72,254.83,4,0.000533
Pedra Bonita,Pedra Bonita,,14.18,0,14.15,3,0.000397
Ibiraci,Ibiraci,,45.1,44.2,445.68,4,0.000491
Capelinha,Capelinha,,34.82,5.28,124.15,0,0.00274
Delta,Delta,,10.53,1140.95,3041.49,6,0.000258
Uberaba,Uberaba,,67.05,121.85,1553.15,6,0.005672
São Gonçalo do Pará,São Gonçalo do Pará,,326.07,66.75,3699.46,6,0.000703
Ibiracatu,Ibiracatu,,2288.11,486.62,1271.97,5,0.000282
Varzelândia,Varzelândia,,2659.63,197.74,2627.36,5,0.001057
Monte Formoso,Monte Formoso,,0,0,0,1,0.000244
Padre Paraíso,Padre Paraíso,,350.51,69.39,54.86,1,0.002488
Raul Soares,Raul Soares,,20.5,28.73,155.37,1,0.001068
Vermelho Novo,Vermelho Novo,,0,0,0,1,0.000437
Antônio Prado de Minas,Antônio Prado de Minas,,0,0,186.45,3,0.000549
Abre Campo,Abre Campo,,0,7.28,126.25,3,0.00208
Sericita,Sericita,,0,0,109.3,3,0.00025
Coronel Xavier Chaves,Coronel Xavier Chaves,,86.93,28.81,116.75,2,0.000345
Resende Costa,Resende Costa,,0,0,69.81,2,0.000777
Guidoval,Guidoval,,54.59,1123.29,56.3,2,0.000252
Itanhomi,Itanhomi,,72.93,16.14,0,1,0.000698
Tarumirim,Tarumirim,,272.63,47.73,20.91,1,0.001052
Caeté,Caeté,,16,33.8,1602.18,0,0.000699
Taquaraçu de Minas,Taquaraçu de Minas,,49.63,0,2145.5,0,0.000725
Wenceslau Braz,Wenceslau Braz,,0,0,39.09,4,0.000285
Oratórios,Oratórios,,0,0,215.19,3,0.000263
Ponte Nova,Ponte Nova,,0,33.13,203,3,0.004968
Coronel Murta,Coronel Murta,,53.19,0,86.69,0,0.000784
Alto Rio Doce,Alto Rio Doce,,0,8.55,0,2,0.000932
Rubelita,Rubelita,,0,29.46,596.97,0,0.00043
Salinas,Salinas,,7.26,7.2,1197.13,5,0.003439
Sacramento,Sacramento,,54.62,246.17,1188.96,6,0.001126
Serra do Salitre,Serra do Salitre,,26.49,34.81,582.96,6,0.000677
Cristália,Cristália,,16.64,165.51,335.57,5,0.000441
Além Paraíba,Além Paraíba,,2.8,25.09,42.47,2,0.00246
Belo Oriente,Belo Oriente,,93.68,1093.36,238.67,0,0.001435
Timóteo,Timóteo,,213.61,666.81,141.43,1,0.004473
Belmiro Braga,Belmiro Braga,,0,28.55,203.9,2,0.000426
Juiz de Fora,Juiz de Fora,,16.75,25.19,386.67,2,0.010681
Sabará,Sabará,,212.08,119.88,3140.58,0,0.000405
Iapu,Iapu,,82.8,54.73,64.42,1,0.001596
São João do Oriente,São João do Oriente,,63.39,38.37,26.48,1,0.000746
Ponto dos Volantes,Ponto dos Volantes,,49.93,16.48,16.58,1,0.001612
Lambari,Lambari,,19.35,9.58,14.48,4,0.001546
Pouso Alegre,Pouso Alegre,,6.95,4.76,34.93,4,0.005892
Alfenas,Alfenas,,66.06,169.37,710.86,4,0.003897
Fama,Fama,,247.63,82.44,210.17,4,0.000254
Aracitaba,Aracitaba,,0,47.37,0,2,0.000466
Oliveira Fortes,Oliveira Fortes,,0,0,0,2,0.000466
Carmo de Minas,Carmo de Minas,,0,0,6.77,4,0.001888
São Lourenço,São Lourenço,,2.23,4.4,19.79,4,0.002898
Casa Grande,Casa Grande,,86.66,43.31,0,2,0.000444
Queluzito,Queluzito,,0,0,0,2,0.000444
Ladainha,Ladainha,,261.46,0,0,1,0.000376
Novo Cruzeiro,Novo Cruzeiro,,72.32,0,6.38,0,0.001251
Matozinhos,Matozinhos,,24.51,29.46,3188.96,5,0.001164
Aimorés,Aimorés,,217.95,54.45,519.99,1,0.001493
Inhapim,Inhapim,,471.11,28.23,45.45,1,0.00305
São Sebastião do Anta,São Sebastião do Anta,,0,46.74,632.81,1,0.000426
Laranjal,Laranjal,,44.12,14.59,58.94,2,0.001719
Pocrane,Pocrane,,0,0,1633.76,3,0.001155
Jacinto,Jacinto,,271.2,445.82,89.22,1,0.001255
Corinto,Corinto,,130.98,36.91,3525.65,5,0.002461
Morro da Garça,Morro da Garça,,38.02,0,2532.15,5,0.000314
Lagoa Santa,Lagoa Santa,,43.5,51.82,5449.9,0,0.001327
Itaipé,Itaipé,,7.95,7.86,7.89,0,0.000378
Setubinha,Setubinha,,701.19,16.58,115.38,0,0.001081
Chácara,Chácara,,230.11,0,1025.31,2,0.000252
Palmópolis,Palmópolis,,0,0,0,1,0.000469
Buritizeiro,Buritizeiro,,113.62,35.29,1786.48,6,0.000255
Uberlândia,Uberlândia,,264.96,266.33,5539.43,6,0.006036
São José da Safira,São José da Safira,,538.14,23.24,1786.13,0,0.000485
Baependi,Baependi,,20.85,5.18,31.42,4,0.001798
Vargem Alegre,Vargem Alegre,,195.96,90.47,61.62,1,0.000458
Divinolândia de Minas,Divinolândia de Minas,,13.38,0,26.57,0,0.001896
Virginópolis,Virginópolis,,0,0,9.49,0,0.001896
Sapucaí-Mirim,Sapucaí-Mirim,,14.84,43.8,0,4,0.000642
Diamantina,Diamantina,,379.55,58.06,1413.36,0,0.002284
Felício dos Santos,Felício dos Santos,,0,0,104.08,0,0.000373
Amparo do Serra,Amparo do Serra,,0,20.31,42.1,3,0.000263
Prudente de Morais,Prudente de Morais,,77.01,75.64,1006.68,5,0.001375
Lajinha,Lajinha,,24.68,19.7,170.61,3,0.001392
Rio Casca,Rio Casca,,35.1,21.23,263.56,3,0.002965
Bom Jesus do Galho,Bom Jesus do Galho,,32.17,64.69,186.54,1,0.000997
Coronel Fabriciano,Coronel Fabriciano,,779.06,2874.21,129.79,1,0.005941
Itabira,Itabira,,63.76,23.47,52.86,0,0.003708
Itambé do Mato Dentro,Itambé do Mato Dentro,,0,0,0,0,0.000433
Nova União,Nova União,,103.82,120.61,1399.09,0,0.000247
Itanhandu,Itanhandu,,19.86,6.54,19.69,4,0.001438
São Sebastião do Rio Verde,São Sebastião do Rio Verde,,44.88,44.46,0,4,0.00053
João Monlevade,João Monlevade,,34.36,10.05,1274.77,1,0.005783
Santo Antônio do Itambé,Santo Antônio do Itambé,,24.43,0,670.62,0,0.000767
Serro,Serro,,14,9.33,228.65,0,0.001528
Serra dos Aimorés,Serra dos Aimorés,,171.1,68.11,0,0,0.00031
Pedra Azul,Pedra Azul,,397.03,8.08,57.57,1,0.001521
Mesquita,Mesquita,,100.12,169.18,17.65,0,0.000649
Santana do Paraíso,Santana do Paraíso,,221.49,1443.89,138.5,0,0.000582
Rio Doce,Rio Doce,,38.46,0,38.48,1,0.000786
Materlândia,Materlândia,,0,21.65,2030.34,0,0.000639
Rio Vermelho,Rio Vermelho,,7.35,0,933.86,0,0.000981
Coroaci,Coroaci,,67.35,9.67,39.84,0,0.001484
Santo Antônio do Aventureiro,Santo Antônio do Aventureiro,,0,0,55.52,2,0.000259
Araponga,Araponga,,0,0,47.48,2,0.000605
São Miguel do Anta,São Miguel do Anta,,0,0,100.97,2,0.000605
Brasília de Minas,Brasília de Minas,,1716.62,9.17,2217.54,5,0.001039
Luislândia,Luislândia,,462,59.21,3398.2,5,0.001052
Chiador,Chiador,,0,0,0,2,0.000354
Dores de Guanhães,Dores de Guanhães,,37.54,0,0,0,0.000999
Ferros,Ferros,,9.42,19.17,110.56,0,0.000616
Entre Folhas,Entre Folhas,,18.57,36.74,2144.72,1,0.000458
Franciscópolis,Franciscópolis,,104.44,17.63,91.81,0,0.000782
Malacacheta,Malacacheta,,46.9,5.22,69.52,0,0.001762
Natércia,Natércia,,0,0,0,4,0.001126
São Sebastião da Bela Vista,São Sebastião da Bela Vista,,0,0,0,4,0.000594
Simonésia,Simonésia,,0,5.09,20.48,3,0.001253
São Domingos das Dores,São Domingos das Dores,,0,0,0,1,0.000426
Ouro Preto,Ouro Preto,,14.86,5.36,114.87,3,0.003245
Piranguinho,Piranguinho,,0,0,81.87,4,0.002469
Luisburgo,Luisburgo,,15.61,0,15.94,3,0.000248
Lamim,Lamim,,56.96,28.59,411.28,2,0.000764
Senador Firmino,Senador Firmino,,103.9,256.67,154.56,2,0.001284
São Gonçalo do Rio Preto,São Gonçalo do Rio Preto,,0,0,759.25,0,0.00128
Campos Altos,Campos Altos,,19.76,773.38,273.51,6,0.002328
Santa Rosa da Serra,Santa Rosa da Serra,,118.76,0,119.65,6,0.000511
Turmalina,Turmalina,,2734.66,35.42,717.28,0,0.001825
Fruta de Leite,Fruta de Leite,,0,17.52,1507.08,5,0.000265
Monjolos,Monjolos,,680.27,214.87,1562.5,0,0.000309
Nanuque,Nanuque,,358.6,16.75,61.22,1,0.001856
Umburatiba,Umburatiba,,73.34,0,76.16,1,0.000369
Alfredo Vasconcelos,Alfredo Vasconcelos,,0,14.76,29.28,2,0.000655
Barbacena,Barbacena,,14.82,15.36,22,2,0.005934
Barão de Cocais,Barão de Cocais,,15.99,6.26,962.28,1,0.001576
Santa Bárbara,Santa Bárbara,,23.2,22.81,55.18,1,0.001055
Viçosa,Viçosa,,11.64,19.14,532.66,2,0.003392
Machacalis,Machacalis,,96.97,0,182.84,1,0.00133
Dionísio,Dionísio,,0,0,674.99,1,0.00079
Marliéria,Marliéria,,121.15,2276.58,148.37,1,0.000488
São José do Goiabal,São José do Goiabal,,0,17.75,1558.49,1,0.00076
São João da Ponte,São João da Ponte,,84.92,193.38,1640.58,5,0.000488
Oliveira,Oliveira,,28.87,9.54,310.63,6,0.002322
São Francisco de Paula,São Francisco de Paula,,0,0,153.02,6,0.00039
Paula Cândido,Paula Cândido,,0,0,10.46,2,0.000262
Itamarati de Minas,Itamarati de Minas,,0,0,0,2,0.000263
Grão Mogol,Grão Mogol,,0,0,1064.71,5,0.00057
Patis,Patis,,0,16.73,1666.11,5,0.000416
Espinosa,Espinosa,,3.11,37.25,1258.54,5,0.001589
Felisburgo,Felisburgo,,54.51,13.46,40.49,1,0.000529
Jordânia,Jordânia,,36.95,0,9.28,0,0.000312
São João da Lagoa,São João da Lagoa,,81.6,141.64,1981.21,0,0.000568
Borda da Mata,Borda da Mata,,5.35,5.25,36.45,4,0.001307
Tocos do Moji,Tocos do Moji,,24.25,0,0,4,0.000305
Jequeri,Jequeri,,15.45,0,152.49,3,0.000342
Carlos Chagas,Carlos Chagas,,175.25,35.44,57.87,1,0.00147
Novo Oriente de Minas,Novo Oriente de Minas,,18.51,9.2,18.64,1,0.001434
Pavão,Pavão,,0,0,0,1,0.001493
Capela Nova,Capela Nova,,0,0,42.8,2,0.000671
Imbé de Minas,Imbé de Minas,,102.59,86.97,101.97,1,0.000303
Ubaporanga,Ubaporanga,,7.96,39.61,24.1,1,0.002036
Rubim,Rubim,,29.04,0,19.56,1,0.000923
Careaçu,Careaçu,,0,0,282.7,4,0.001598
Boa Esperança,Boa Esperança,,29.79,9.87,884.31,4,0.001999
Piumhi,Piumhi,,0,0,0,4,0.001813
São Roque de Minas,São Roque de Minas,,28.43,84.6,28.47,4,0.000465
Conselheiro Lafaiete,Conselheiro Lafaiete,,17.54,29.05,330.88,2,0.00432
Ouro Branco,Ouro Branco,,2.61,12.84,276.07,2,0.001901
"Água Boa",Água Boa,,13.62,13.92,772.06,0,0.001538
Bom Jesus da Penha,Bom Jesus da Penha,,48.19,47.59,167.06,4,0.000442
Araxá,Araxá,,25.43,79.59,766.06,6,0.004087
Caxambu,Caxambu,,31.49,22.51,115.19,4,0.002383
Ouro Fino,Ouro Fino,,0,8.9,26.88,4,0.001231
Santa Rita do Sapucaí,Santa Rita do Sapucaí,,4.83,2.36,91.23,4,0.002338
Comercinho,Comercinho,,38.29,0,0,1,0.000435
Cachoeira de Minas,Cachoeira de Minas,,8.65,0,43.43,4,0.000631
Conceição dos Ouros,Conceição dos Ouros,,17.76,0,8.68,4,0.000631
Descoberto,Descoberto,,19.96,59.44,600.48,2,0.000794
São João Nepomuceno,São João Nepomuceno,,129.1,56.52,6626.83,2,0.001313
Inconfidentes,Inconfidentes,,68.59,13.59,150.75,4,0.001231
Matias Cardoso,Matias Cardoso,,18.48,36.37,1583.71,5,0.000669
Extrema,Extrema,,9.07,2.91,11.28,4,0.001445
Munhoz,Munhoz,,0,0,0,4,0.000624
Bom Sucesso,Bom Sucesso,,5.6,106.1,28.41,6,0.001351
São Tiago,São Tiago,,55.26,27.09,247.21,6,0.001002
Chalé,Chalé,,34.38,0,17.52,3,0.000256
Matias Barbosa,Matias Barbosa,,7,0,111.23,2,0.000614
Simão Pereira,Simão Pereira,,0,0,0,2,0.000426
Barão de Monte Alto,Barão de Monte Alto,,17.53,17.71,183.72,2,0.000251
Santo Antônio do Rio Abaixo,Santo Antônio do Rio Abaixo,,0,55.16,0,0,0.000637
Coronel Pacheco,Coronel Pacheco,,0,0,876.62,2,0.001183
Camanducaia,Camanducaia,,4.55,0,4.6,4,0.000931
Estiva,Estiva,,0,0,0,4,0.001102
Maria da Fé,Maria da Fé,,0,20.71,14.15,4,0.000551
Brasilândia de Minas,Brasilândia de Minas,,31.79,93.14,741.38,5,0.001189
Riachinho,Riachinho,,906.45,24.13,4743.18,5,0.001046
Lagoa da Prata,Lagoa da Prata,,19.92,1072.18,2798.4,6,0.001766
Santa Rita de Caldas,Santa Rita de Caldas,,0,0,22.29,4,0.001009
Fronteira dos Vales,Fronteira dos Vales,,126.21,21.13,43.47,1,0.000687
Braúnas,Braúnas,,39.64,59.96,20.68,0,0.000936
Varginha,Varginha,,302.22,28.28,53.54,4,0.00439
Jequitaí,Jequitaí,,75.24,0,1711.2,6,0.000957
Alpinópolis,Alpinópolis,,5.09,10.08,855.91,4,0.001591
Três Corações,Três Corações,,1306.45,5.06,50.69,4,0.003568
Jequitibá,Jequitibá,,0,18.8,3624.16,0,0.000513
Santana de Cataguases,Santana de Cataguases,,78.21,25.8,51.91,2,0.000263
Itaguara,Itaguara,,68.33,7.5,2477.78,6,0.002352
Piracema,Piracema,,0,0,1074.6,6,0.000615
São Sebastião do Paraíso,São Sebastião do Paraíso,,38.81,63.8,2448.55,4,0.0026
São Tomás de Aquino,São Tomás de Aquino,,28.42,41.54,3081.51,4,0.000255
São Pedro do Suaçuí,São Pedro do Suaçuí,,0,0,548.1,0,0.002184
Candeias,Candeias,,6.62,52.82,1767.12,6,0.001136
Pouso Alto,Pouso Alto,,0,16.17,33.44,4,0.00124
Carneirinho,Carneirinho,,190.29,29.79,590.83,6,0.00031
Iturama,Iturama,,82.23,137.72,806.24,6,0.001954
Monte Belo,Monte Belo,,37.19,7.43,1031.87,4,0.001587
Santa Helena de Minas,Santa Helena de Minas,,31.44,140.41,94.56,1,0.000618
Pirapora,Pirapora,,24.9,33.51,1467.76,5,0.002657
Cabo Verde,Cabo Verde,,13.99,0,21.31,4,0.000964
Carmo do Rio Claro,Carmo do Rio Claro,,9.37,13.98,821.53,4,0.001591
São José do Alegre,São José do Alegre,,0,0,23.91,4,0.001157
Soledade de Minas,Soledade de Minas,,49.55,0,16.36,4,0.000492
São Brás do Suaçuí,São Brás do Suaçuí,,26.94,106.75,429.99,2,0.001044
Ibitiúra de Minas,Ibitiúra de Minas,,0,0,0,4,0.000407
Cássia,Cássia,,0,11.08,941.43,4,0.001388
São José do Jacuri,São José do Jacuri,,0,0,231.59,0,0.001376
Piau,Piau,,139.47,105.26,760.04,2,0.000329
Ijaci,Ijaci,,63.01,15.48,123.3,6,0.000322
Alvinópolis,Alvinópolis,,51.22,96.16,1883.33,1,0.000715
Poços de Caldas,Poços de Caldas,,3.67,4.82,12.04,4,0.002688
Araçuaí,Araçuaí,,335.39,104.39,351.45,0,0.002201
Capitão Enéas,Capitão Enéas,,26.54,131.26,897.51,5,0.001203
Catuti,Catuti,,270.58,873.62,2036.74,5,0.000336
Divinésia,Divinésia,,29.1,144.72,0,2,0.000754
Piranguçu,Piranguçu,,18.26,36.27,18.33,4,0.000285
Juvenília,Juvenília,,0,273.04,523.29,5,0.000258
Pintópolis,Pintópolis,,26.53,0,1281.71,5,0.000411
Santa Rita de Minas,Santa Rita de Minas,,0,0,13.98,1,0.001471
Bom Repouso,Bom Repouso,,0,0,0,4,0.000596
Paulistas,Paulistas,,0,0,309.34,0,0.000359
Japaraíba,Japaraíba,,0,394.61,2132.59,6,0.000838
Ribeirão Vermelho,Ribeirão Vermelho,,0,0,273.7,6,0.000637
Campo do Meio,Campo do Meio,,25.3,16.84,343.11,4,0.000593
Santana da Vargem,Santana da Vargem,,40.82,122.92,252.53,4,0.001799
Tocantins,Tocantins,,126.22,912.56,2343.09,2,0.002003
Guaranésia,Guaranésia,,56.88,5.16,1734.56,4,0.001117
Itapeva,Itapeva,,10.6,10.4,10.33,4,0.000931
Limeira do Oeste,Limeira do Oeste,,94.81,93.5,681.73,6,0.00031
Divino,Divino,,0,0,75.44,3,0.001594
Capitão Andrade,Capitão Andrade,,0,18.5,36.9,1,0.000331
Perdões,Perdões,,23.54,18.65,1733.13,5,0.004562
Três Pontas,Três Pontas,,411.3,68.3,2757.05,4,0.0016
Comendador Gomes,Comendador Gomes,,96.28,0,386.72,6,0.000743
Planura,Planura,,95.58,415.4,2807.49,6,0.001347
Mariana,Mariana,,8.5,26.73,231.12,3,0.0028
Antônio Dias,Antônio Dias,,20.65,342.43,96.12,1,0.000541
Matipó,Matipó,,5.34,0,175.46,3,0.001169
Fervedouro,Fervedouro,,18.29,0,410.7,3,0.002497
Cordislândia,Cordislândia,,27.99,27.88,28.3,4,0.000644
Machado,Machado,,14.5,4.77,43.02,4,0.001943
Piranga,Piranga,,16.79,33.49,62.44,2,0.001038
Presidente Bernardes,Presidente Bernardes,,0,35.96,92.63,2,0.000423
Jaguaraçu,Jaguaraçu,,350.77,411.65,64.02,1,0.000403
Santa Maria de Itabira,Santa Maria de Itabira,,0,9.09,0,0,0.002687
Virgínia,Virgínia,,0,0,0,4,0.00053
Ibertioga,Ibertioga,,38.79,0,0,4,0.000735
Itumirim,Itumirim,,16.03,0,16.53,2,0.000491
Nazareno,Nazareno,,0,0,58.45,6,0.000864
Jacuí,Jacuí,,0,0,26.04,4,0.000255
Rio Piracicaba,Rio Piracicaba,,0,6.84,376.41,1,0.000792
Jequitinhonha,Jequitinhonha,,67.02,3.91,7.9,1,0.002274
Alterosa,Alterosa,,90.07,27.49,41.63,4,0.001307
Botelhos,Botelhos,,13.05,13.05,13.34,4,0.00115
"Águas Formosas",Águas Formosas,,93.23,10.3,260.88,1,0.0016
Bonito de Minas,Bonito de Minas,,9.37,0,1677.49,5,0.000253
Dom Silvério,Dom Silvério,,0,0,362.39,1,0.001009
Sem-Peixe,Sem-Peixe,,0,36.02,0,1,0.000277
Santana dos Montes,Santana dos Montes,,0,25.73,184.75,2,0.000432
Cascalho Rico,Cascalho Rico,,0,65.13,490.68,6,0.00025
João Pinheiro,João Pinheiro,,12.45,385.63,3268.05,5,0.00195
Nova Era,Nova Era,,22.22,11.11,170.39,1,0.003815
Caraí,Caraí,,33.94,8.41,33.92,1,0.000311
Catuji,Catuji,,29.93,15.12,0,1,0.001678
Conceição do Rio Verde,Conceição do Rio Verde,,0,0,7.36,4,0.00054
José Raydan,José Raydan,,0,20.43,121.51,0,0.001349
Peçanha,Peçanha,,0,0,0,0,0.001038
São Francisco do Glória,São Francisco do Glória,,38.87,0,81.82,3,0.000583
Abadia dos Dourados,Abadia dos Dourados,,42.77,56.67,917.96,6,0.000855
Romaria,Romaria,,27.34,82.33,3439.53,6,0.000789
Alvarenga,Alvarenga,,69.9,333.41,5109.49,1,0.000396
Conselheiro Pena,Conselheiro Pena,,367.31,94.66,152.89,1,0.001451
São João del Rei,São João del Rei,,36.92,52.07,629.09,2,0.004559
Pains,Pains,,59.87,107.26,1632.41,6,0.000473
Conceição da Aparecida,Conceição da Aparecida,,48.53,28.92,68.22,4,0.001165
Paraisópolis,Paraisópolis,,14.49,4.77,4.78,4,0.001623
Campanha,Campanha,,60.86,96.23,36.22,4,0.001311
Ipiaçu,Ipiaçu,,257.67,186.7,2703.34,6,0.000455
Ituiutaba,Ituiutaba,,212.9,642.9,1576.87,6,0.002282
Itinga,Itinga,,391.79,0,40.12,1,0.000946
Botumirim,Botumirim,,15.21,107.03,629.92,5,0.000441
Francisco Sá,Francisco Sá,,99.17,155.14,1657.69,5,0.001682
Bambuí,Bambuí,,37.74,49.96,1582.69,6,0.002314
Canaã,Canaã,,0,21.28,0,2,0.000605
Bela Vista de Minas,Bela Vista de Minas,,0,0,761.12,1,0.001098
Brás Pires,Brás Pires,,43.44,43.96,205.76,2,0.00084
Senhora de Oliveira,Senhora de Oliveira,,0,33.94,69.13,2,0.000934
Carmo do Cajuru,Carmo do Cajuru,,64.41,22.59,1051.35,6,0.000633
Catas Altas da Noruega,Catas Altas da Noruega,,0,27.28,220.45,2,0.001248
Conceição de Ipanema,Conceição de Ipanema,,0,0,0,3,0.000681
São Geraldo,São Geraldo,,77.86,1150.78,361.72,2,0.001157
Tiradentes,Tiradentes,,39.27,0,2371.29,2,0.000693
Morro do Pilar,Morro do Pilar,,0,89.85,62.29,0,0.000824
Coluna,Coluna,,21.79,0,561.36,0,0.001476
Passa Quatro,Passa Quatro,,0,24.29,12.27,4,0.000946
Bonfim,Bonfim,,285.06,213.68,683.54,6,0.001516
Ibirité,Ibirité,,41.98,37.75,3012.04,6,0.00058
Igaratinga,Igaratinga,,97.22,161.18,793.72,6,0.000703
Santos Dumont,Santos Dumont,,4.21,2.1,27.92,2,0.001921
Bueno Brandão,Bueno Brandão,,0,0,9.08,4,0.000415
Rio Espera,Rio Espera,,0,34.33,756.89,2,0.000709
Palma,Palma,,14.82,14.81,0,2,0.000465
Ressaquinha,Ressaquinha,,0,0,0,2,0.001333
Pedras de Maria da Cruz,Pedras de Maria da Cruz,,0,8.78,550.07,5,0.001649
São Romão,São Romão,,69.25,33.64,1787.63,5,0.000468
Ipaba,Ipaba,,874.47,897.96,260.33,1,0.000495
Frei Inocêncio,Frei Inocêncio,,84.33,0,31.4,1,0.002985
Jampruca,Jampruca,,242.49,18.47,0,1,0.000307
União de Minas,União de Minas,,0,67.39,832.37,6,0.00031
Durandé,Durandé,,0,0,25.6,3,0.001182
Toledo,Toledo,,32.5,0,16.08,4,0.000624
Capetinga,Capetinga,,27.84,0,1323.36,4,0.000491
Paracatu,Paracatu,,150.5,89.84,2205.99,6,0.002353
Santa Cruz de Salinas,Santa Cruz de Salinas,,0,0,670.34,5,0.000344
Santa Maria do Suaçuí,Santa Maria do Suaçuí,,20.18,0,444.6,0,0.001409
Bocaiúva,Bocaiúva,,191.53,900.97,2272.64,5,0.00331
Lagoa Grande,Lagoa Grande,,53.8,1631.36,3807.91,6,0.000406
Engenheiro Navarro,Engenheiro Navarro,,0,0,1822.2,5,0.001242
Bom Despacho,Bom Despacho,,121.86,29.97,119.6,6,0.002161
Camacho,Camacho,,0,0,102.25,6,0.000258
Itapecerica,Itapecerica,,85.94,139.9,408.95,6,0.001436
Pingo-d'Água,Pingo-d'Água,,0,0,0,1,0.000588
Carvalhópolis,Carvalhópolis,,0,0,56.18,4,0.000644
São Gonçalo do Sapucaí,São Gonçalo do Sapucaí,,63.31,23.51,106.58,4,0.001616
Prados,Prados,,0,0,356.39,2,0.001007
Santa Bárbara do Leste,Santa Bárbara do Leste,,37.01,0,24.65,1,0.001953
Dores de Campos,Dores de Campos,,20.09,0,624.94,2,0.001064
Aiuruoca,Aiuruoca,,0,0,0,4,0.00171
Andrelândia,Andrelândia,,8,0,24.51,4,0.001443
Senhora do Porto,Senhora do Porto,,0,27.76,0,0,0.002199
Arantina,Arantina,,0,0,0,4,0.000709
Bom Jardim de Minas,Bom Jardim de Minas,,45.09,0,0,4,0.00156
Indianópolis,Indianópolis,,0,29.39,1478.99,6,0.00056
Itabirito,Itabirito,,24.11,9.84,132.6,3,0.002109
Araporã,Araporã,,375.54,693.83,837.74,6,0.000397
Tupaciguara,Tupaciguara,,141.94,90.06,221.76,6,0.0005
Ataléia,Ataléia,,128.21,7.27,38.27,1,0.000246
Crisólita,Crisólita,,0,45.24,15.05,1,0.001433
Crucilândia,Crucilândia,,39.89,19.77,757.88,6,0.00134
Sarzedo,Sarzedo,,100.37,38.66,5441.39,6,0.00058
Cuparaque,Cuparaque,,363.86,880.88,826.61,1,0.000459
Goiabeira,Goiabeira,,30.5,721.15,30.05,1,0.000459
Joaíma,Joaíma,,269.89,0,0,1,0.000862
Ilicínea,Ilicínea,,8.19,8.09,48.77,4,0.00075
Dom Cavati,Dom Cavati,,18.96,57.18,19.62,1,0.002656
Itaúna,Itaúna,,17.5,19.42,548.83,6,0.002281
Sardoá,Sardoá,,32.88,16.13,16.04,0,0.00106
São João Evangelista,São João Evangelista,,6.23,0,500.6,0,0.002354
Santo Antônio do Amparo,Santo Antônio do Amparo,,0,5.39,537.05,4,0.002493
Ipuiúna,Ipuiúna,,0,9.88,39.84,4,0.000731
Campina Verde,Campina Verde,,39.96,353.6,1160.2,6,0.001063
Cajuri,Cajuri,,24.27,0,99.95,2,0.000262
Conceição do Pará,Conceição do Pará,,18.32,90.66,1149.64,6,0.000942
Pitangui,Pitangui,,18.33,54.14,2186.99,6,0.001225
Consolação,Consolação,,0,0,56.12,4,0.000467
Dom Joaquim,Dom Joaquim,,0,0,44.62,0,0.00081
Maravilhas,Maravilhas,,38.74,126.97,6085.53,5,0.001274
Papagaios,Papagaios,,32.74,58,1988.03,5,0.001264
Mirabela,Mirabela,,7.33,626.55,4366.75,5,0.002143
Luminárias,Luminárias,,1023.16,0,568.39,4,0.000556
Nova Ponte,Nova Ponte,,55.23,140.62,935.86,6,0.001492
Areado,Areado,,20.35,13.37,200.6,4,0.001852
Guaraciaba,Guaraciaba,,0,18.97,0,2,0.000418
Curral de Dentro,Curral de Dentro,,120.14,13.12,287.36,1,0.000928
Engenheiro Caldas,Engenheiro Caldas,,456.12,27.03,45.19,1,0.002076
Fernandes Tourinho,Fernandes Tourinho,,181.6,29.68,235.71,1,0.00068
São Gonçalo do Rio Abaixo,São Gonçalo do Rio Abaixo,,37.78,9.28,462.19,1,0.001538
Carbonita,Carbonita,,0,0,223.5,0,0.001891
Itaverava,Itaverava,,0,17.57,91.41,2,0.001248
Córrego Novo,Córrego Novo,,98.94,33.67,0,1,0.000359
Cristais,Cristais,,8.12,0,5315.96,6,0.000551
Santa Luzia,Santa Luzia,,55.95,47.97,1206.53,0,0.000387
Bom Jesus do Amparo,Bom Jesus do Amparo,,0,116.32,3697.56,0,0.000444
Carmésia,Carmésia,,0,38.04,76.42,0,0.000638
Alvorada de Minas,Alvorada de Minas,,0,0,83.19,0,0.000979
Conceição do Mato Dentro,Conceição do Mato Dentro,,32.97,49.65,2788.96,0,0.001219
Iguatama,Iguatama,,24.41,244.74,5206.37,6,0.002114
Brazópolis,Brazópolis,,0,0,0,4,0.000797
Mário Campos,Mário Campos,,109.41,33.36,7233.51,6,0.00058
Inimutaba,Inimutaba,,81.11,13.35,1352.62,0,0.000921
Frutal,Frutal,,126.31,149.74,2881.52,6,0.00205
Itapagipe,Itapagipe,,771.1,99.73,927.03,6,0.000932
Itamogi,Itamogi,,0,0,68.43,4,0.000793
Lima Duarte,Lima Duarte,,11.88,11.83,719.81,4,0.001625
Santa Bárbara do Monte Verde,Santa Bárbara do Monte Verde,,0,0,32.08,2,0.000495
Itambacuri,Itambacuri,,2124.23,118.46,1167.5,1,0.002583
Medina,Medina,,1766.16,0,19.16,1,0.001494
Caldas,Caldas,,6.95,6.88,0,4,0.000731
Ervália,Ervália,,5.3,10.52,10.62,2,0.000859
Fortaleza de Minas,Fortaleza de Minas,,0,45.38,1618.42,4,0.000256
Cambuquira,Cambuquira,,53.74,22.98,7.8,4,0.002395
Cantagalo,Cantagalo,,22.4,0,867.05,0,0.000734
Cruzeiro da Fortaleza,Cruzeiro da Fortaleza,,24.15,47.92,991.78,6,0.000337
Guimarânia,Guimarânia,,178.78,75.41,2132.73,6,0.000819
Mateus Leme,Mateus Leme,,79.59,42.38,4211.31,6,0.001397
Rio Pomba,Rio Pomba,,172.81,149.49,1987.9,2,0.002918
Silveirânia,Silveirânia,,87.64,0,88.57,2,0.000249
Santo Antônio do Jacinto,Santo Antônio do Jacinto,,199.87,25.05,34.26,1,0.000435
Curvelo,Curvelo,,124.21,17.53,4434.54,5,0.00473
Piraúba,Piraúba,,135.12,2301.44,3864.64,2,0.00195
Itamarandiba,Itamarandiba,,37.95,5.77,162.19,0,0.00232
Caetanópolis,Caetanópolis,,743.06,175.45,635.06,5,0.000541
Jesuânia,Jesuânia,,20.41,0,0,4,0.001155
Ibituruna,Ibituruna,,0,0,0,6,0.000598
Luz,Luz,,21.87,184.78,3857.58,6,0.002978
Olímpio Noronha,Olímpio Noronha,,0,0,0,4,0.001087
Campos Gerais,Campos Gerais,,3.46,0,1309.97,4,0.001422
Coqueiral,Coqueiral,,52.85,31.81,108.8,4,0.000802
Jaboticatubas,Jaboticatubas,,83.98,35.81,2845.2,0,0.000247
Itacambira,Itacambira,,0,0,186.81,5,0.000612
Alpercata,Alpercata,,294.2,0,53.97,1,0.001393
Monsenhor Paulo,Monsenhor Paulo,,1066.3,22.96,23.13,4,0.000337
São Bento Abade,São Bento Abade,,277.61,0,0,4,0.000657
Delfinópolis,Delfinópolis,,14,0,803.04,4,0.000504
Doresópolis,Doresópolis,,65.83,65.23,460.22,4,0.000332
Frei Gaspar,Frei Gaspar,,149.3,16.6,33.95,1,0.000428
Leandro Ferreira,Leandro Ferreira,,30.32,60.61,1391.9,6,0.000812
Rio Paranaíba,Rio Paranaíba,,56.46,24.07,512.57,6,0.001222
Paraguaçu,Paraguaçu,,0,9.27,23.34,4,0.002115
Felixlândia,Felixlândia,,198.97,111.31,6353.79,5,0.001102
Galiléia,Galiléia,,269.08,42.65,29.22,1,0.000963
Guarani,Guarani,,22.19,618.99,3740.31,2,0.001338
Argirita,Argirita,,34.6,0,72.7,2,0.000788
Porto Firme,Porto Firme,,0,35.57,62.46,2,0.001207
Rio Novo,Rio Novo,,254.14,55.04,995.41,2,0.001044
Santa Vitória,Santa Vitória,,283.67,498.83,1060.79,6,0.000425
Mutum,Mutum,,145.49,14.53,88.9,3,0.000773
Indaiabira,Indaiabira,,26.57,13.29,665.49,5,0.000674
São Vicente de Minas,São Vicente de Minas,,0,0,52.04,4,0.001443
Serra Azul de Minas,Serra Azul de Minas,,0,0,23.29,0,0.000767
São João da Mata,São João da Mata,,0,0,0,4,0.000684
São Pedro dos Ferros,São Pedro dos Ferros,,24.14,12.22,203.61,1,0.000904
Serrania,Serrania,,102.62,89.61,13.04,4,0.000492
Aricanduva,Aricanduva,,39.08,0,96.32,0,0.000243
Congonhal,Congonhal,,17.45,0,25.4,4,0.000902
Dores do Indaiá,Dores do Indaiá,,85.82,495.58,472.64,6,0.001304
Quartel Geral,Quartel Geral,,28.44,56.23,451.72,6,0.00062
Glaucilândia,Glaucilândia,,223.64,537.97,2806.12,5,0.000528
Heliodora,Heliodora,,30.81,0,0,4,0.000686
Itueta,Itueta,,16.43,16.34,2500.41,1,0.000979
Santa Rita do Itueto,Santa Rita do Itueto,,139.4,0,54.33,1,0.000331
Montezuma,Montezuma,,0,0,867.97,5,0.000504
Ninheira,Ninheira,,9.71,9.64,9.74,5,0.000264
São João do Paraíso,São João do Paraíso,,0,12.64,119.03,5,0.001162
Ouro Verde de Minas,Ouro Verde de Minas,,97.91,16.37,67.18,1,0.000428
Tumiritinga,Tumiritinga,,419.85,133.55,89.58,1,0.000246
Urucânia,Urucânia,,18.89,28.33,125.35,3,0.000927
Cristina,Cristina,,0,28.62,9.75,4,0.001051
Dom Viçoso,Dom Viçoso,,0,0,0,4,0.000264
Santa Efigênia de Minas,Santa Efigênia de Minas,,43.27,21.8,67.6,0,0.00106
Olhos-d'Água,Olhos-d'Água,,34.44,33.65,631.44,0,0.001254
Joanésia,Joanésia,,136.11,560.45,85.58,0,0.000649
Gurinhatã,Gurinhatã,,826.86,503.44,876.58,6,0.00027
Fortuna de Minas,Fortuna de Minas,,0,68.21,888.28,5,0.000693
Inhaúma,Inhaúma,,97.43,48.08,2552.99,5,0.000979
Monte Carmelo,Monte Carmelo,,233.64,33.16,1298.18,6,0.001716
Campanário,Campanário,,1500.13,319.4,350.31,1,0.002401
Mercês,Mercês,,9.25,9.2,401.12,2,0.001479
Fronteira,Fronteira,,79.27,140.58,2480.09,6,0.000564
Piedade dos Gerais,Piedade dos Gerais,,20.3,0,444,6,0.000813
Presidente Juscelino,Presidente Juscelino,,51.61,0,2584.33,0,0.00132
Presidente Kubitschek,Presidente Kubitschek,,0,0,332.89,0,0.000846
Moeda,Moeda,,60.95,20.17,448.61,6,0.000339
Catas Altas,Catas Altas,,38.24,18.81,93.81,1,0.001055
Berizal,Berizal,,0,0,0,5,0.000265
Joaquim Felício,Joaquim Felício,,43.41,0,1737.45,5,0.001128
Paiva,Paiva,,0,0,0,2,0.00047
Estrela do Sul,Estrela do Sul,,0,87.71,781.25,6,0.001236
Moema,Moema,,26.85,877.08,66.85,6,0.001489
Elói Mendes,Elói Mendes,,341.06,3.61,115.01,4,0.002529
São Gotardo,São Gotardo,,17.43,2.86,816.62,6,0.002021
Bicas,Bicas,,0,20.63,679.09,2,0.001777
Pequeri,Pequeri,,0,59.76,845.92,2,0.000644
Centralina,Centralina,,414.94,593.11,1755.4,6,0.000852
Bandeira do Sul,Bandeira do Sul,,17.62,0,17.5,4,0.000915
Goianá,Goianá,,0,75.91,1192.89,2,0.000687
Abaeté,Abaeté,,17,12.71,1735.35,6,0.001518
Sabinópolis,Sabinópolis,,0,6.28,83.74,0,0.001095
Capitólio,Capitólio,,69.67,0,953.38,4,0.001615
Lontra,Lontra,,33.56,55.29,3030.64,5,0.001411
Angelândia,Angelândia,,11.82,0,624.93,0,0.000303
Sobrália,Sobrália,,17.12,17.27,35.75,1,0.000752
Iraí de Minas,Iraí de Minas,,14.52,28.7,648.04,6,0.001127
Poço Fundo,Poço Fundo,,0,5.92,5.98,4,0.000684
Japonvar,Japonvar,,914.03,115.17,5025.71,5,0.001276
Couto de Magalhães de Minas,Couto de Magalhães de Minas,,747.96,0,1387.63,0,0.001618
Senador José Bento,Senador José Bento,,0,0,0,4,0.000408
Miradouro,Miradouro,,18.59,129.19,111.93,3,0.001224
Pratinha,Pratinha,,56.9,28.02,27.99,6,0.000311
Datas,Datas,,18.38,36.56,203.74,0,0.001151
Vargem Bonita,Vargem Bonita,,0,0,370.71,4,0.000465
Ritápolis,Ritápolis,,0,41.37,150.6,6,0.001002
Lagoa Dourada,Lagoa Dourada,,7.73,15.32,84.92,2,0.000859
Naque,Naque,,29.31,259.74,57.65,1,0.002582
Periquito,Periquito,,56.31,0,0,1,0.001784
Ewbank da Câmara,Ewbank da Câmara,,0,0,128.07,2,0.00041
Itamonte,Itamonte,,26.43,0,19.43,4,0.00048
Córrego Danta,Córrego Danta,,29.49,59.54,246.84,6,0.001237
Tapiraí,Tapiraí,,0,0,0,6,0.000946
São José da Varginha,São José da Varginha,,0,165.49,750.96,5,0.000931
Liberdade,Liberdade,,37.41,0,19.57,4,0.00063
Aguanil,Aguanil,,45.77,67.57,22.48,6,0.000551
São Geraldo da Piedade,São Geraldo da Piedade,,0,0,0,1,0.000246
Resplendor,Resplendor,,282.89,67.74,160.94,1,0.001039
Tabuleiro,Tabuleiro,,149.22,50.47,4905.06,2,0.001048
Guapé,Guapé,,6.94,0,309.14,4,0.000713
Cachoeira da Prata,Cachoeira da Prata,,80.62,26.95,884.96,5,0.001164
Pequi,Pequi,,115.15,1319.68,6394.15,5,0.000931
Ingaí,Ingaí,,36.18,0,0,4,0.000556
Santana do Riacho,Santana do Riacho,,187.88,116.25,1871.78,0,0.000523
Vespasiano,Vespasiano,,18.56,14.71,1620.72,0,0.000428
Divino das Laranjeiras,Divino das Laranjeiras,,1928.37,0,0,1,0.000929
Antônio Carlos,Antônio Carlos,,8.65,0,17.49,2,0.000472
Bias Fortes,Bias Fortes,,0,0,0,2,0.00062
Pedro Teixeira,Pedro Teixeira,,0,0,165.93,2,0.000384
Miraí,Miraí,,20.33,80.29,26.82,2,0.001008
Dores do Turvo,Dores do Turvo,,0,90.15,69.95,2,0.000563
Desterro de Entre Rios,Desterro de Entre Rios,,0,0,248.89,6,0.000693
Cana Verde,Cana Verde,,52.29,17.44,124.73,6,0.000908
São Domingos do Prata,São Domingos do Prata,,11.24,28.11,293.22,1,0.001427
Santo Hipólito,Santo Hipólito,,154.04,31.08,1576.07,5,0.000252
Silvianópolis,Silvianópolis,,0,15.84,0,4,0.000935
Turvolândia,Turvolândia,,0,0,59.9,4,0.000314
Padre Carvalho,Padre Carvalho,,16,15.78,4421.98,5,0.000461
Martinho Campos,Martinho Campos,,285.41,409.35,5618.9,6,0.001468
Janaúba,Janaúba,,273.68,2115.75,1220.8,5,0.002278
São José da Lapa,São José da Lapa,,13.48,78.57,2035.49,5,0.000402
Carmo do Paranaíba,Carmo do Paranaíba,,12.99,9.72,567.21,6,0.001004
Prata,Prata,,262.11,226.65,4893.82,6,0.000972
São Sebastião da Vargem Alegre,São Sebastião da Vargem Alegre,,0,66.53,33.43,2,0.000277
Carvalhos,Carvalhos,,0,0,22.25,4,0.000403
Santana do Deserto,Santana do Deserto,,0,0,176.28,2,0.000644
Ibiá,Ibiá,,32.28,23.9,475.33,6,0.00213
Presidente Olegário,Presidente Olegário,,10.27,71.43,2740.36,6,0.00091
Igarapé,Igarapé,,120.68,17.02,5498.75,6,0.001515
Espírito Santo do Dourado,Espírito Santo do Dourado,,21.41,0,42.8,4,0.00028
Morada Nova de Minas,Morada Nova de Minas,,171.15,282.17,1656.27,5,0.000807
Três Marias,Três Marias,,80.57,362.92,3242.25,5,0.001942
Santana de Pirapama,Santana de Pirapama,,62.25,0,792.62,0,0.000612
Coimbra,Coimbra,,0,26.46,159.64,2,0.001699
Gouveia,Gouveia,,0,0,0,0,0.001532
Santana do Jacaré,Santana do Jacaré,,0,61.72,62.41,4,0.000316
Lagoa Formosa,Lagoa Formosa,,44.35,0,1739.76,6,0.000861
Paraopeba,Paraopeba,,219.83,73.69,484.1,5,0.004718
Pompéu,Pompéu,,163.58,88.57,1725.61,6,0.001545
Vieiras,Vieiras,,0,0,27.56,3,0.000425
Entre Rios de Minas,Entre Rios de Minas,,0,19.62,262.92,2,0.000944
Piedade do Rio Grande,Piedade do Rio Grande,,0,0,44.17,4,0.000662
Carmópolis de Minas,Carmópolis de Minas,,48.34,31.59,2110.32,6,0.001652
Barra Longa,Barra Longa,,0,17.78,19.05,3,0.000263
Josenópolis,Josenópolis,,0,0,61.93,5,0.000461
Minduri,Minduri,,0,0,0,4,0.001173
Santa Cruz do Escalvado,Santa Cruz do Escalvado,,0,0,83.46,3,0.000263
Rochedo de Minas,Rochedo de Minas,,0,87.22,655.31,2,0.000494
Nepomuceno,Nepomuceno,,37.18,44.36,2452.36,4,0.001294
Maripá de Minas,Maripá de Minas,,0,67.14,135.18,2,0.000681
Monte Sião,Monte Sião,,0,4.27,568.54,4,0.000637
Bertópolis,Bertópolis,,0,0,152.11,1,0.001088
Recreio,Recreio,,299.99,28.05,551.65,2,0.000848
Santa Bárbara do Tugúrio,Santa Bárbara do Tugúrio,,0,0,0,2,0.001164
Araguari,Araguari,,26.66,45.13,1892.18,6,0.001397
Divisa Nova,Divisa Nova,,530.59,329.6,100.07,4,0.000405
Paineiras,Paineiras,,42.76,193.55,1685.14,5,0.000606
Guarará,Guarará,,25.23,25.39,209.53,2,0.000495
Santo Antônio do Grama,Santo Antônio do Grama,,0,0,457.2,3,0.000263
Arapuá,Arapuá,,0,34.69,1411.93,6,0.000726
Rio Preto,Rio Preto,,0,0,18.29,2,0.000392
Biquinhas,Biquinhas,,113.64,76.37,78.99,5,0.000606
Campestre,Campestre,,0,4.66,9.5,4,0.001032
Pedra do Indaiá,Pedra do Indaiá,,24.87,24.79,277.15,6,0.00084
Senador Modestino Gonçalves,Senador Modestino Gonçalves,,0,0,118.79,0,0.001117
Cláudio,Cláudio,,43.12,17.68,313.76,6,0.0008
Veredinha,Veredinha,,0,0,17.51,0,0.001183
Cachoeira Dourada,Cachoeira Dourada,,789.18,445.93,1195.37,6,0.000605
Buenópolis,Buenópolis,,18.89,84.95,1830.97,5,0.002284
São João do Manteninha,São João do Manteninha,,35.4,0,431.18,1,0.000929
Francisco Dumont,Francisco Dumont,,0,19.18,3643.72,5,0.000316
Central de Minas,Central de Minas,,226.24,28.12,0,1,0.000929
Urucuia,Urucuia,,6.43,18.64,1873.45,5,0.001162
Veríssimo,Veríssimo,,26.14,76.71,6023.79,6,0.000258
Pimenta,Pimenta,,69.32,34.4,7264.51,4,0.000958
Santa Rita de Ibitipoca,Santa Rita de Ibitipoca,,0,0,0,4,0.000358
Coromandel,Coromandel,,24.6,24.55,982.77,6,0.001424
Onça de Pitangui,Onça de Pitangui,,31.46,31.33,604.33,6,0.000564
São Joaquim de Bicas,São Joaquim de Bicas,,92.59,19.89,4569.36,6,0.000852
Capinópolis,Capinópolis,,242.06,769.23,2216.15,6,0.000733
Senhora dos Remédios,Senhora dos Remédios,,9.45,0,57.41,2,0.000422
Seritinga,Seritinga,,53.62,53.36,0,4,0.000403
Olaria,Olaria,,52.27,0,56.34,4,0.001351
Medeiros,Medeiros,,0,0,344.74,6,0.000749
Augusto de Lima,Augusto de Lima,,19.84,39.82,3866.61,5,0.001986
Salto da Divisa,Salto da Divisa,,281.41,42.09,0,1,0.001091
Matutina,Matutina,,0,26,106.44,6,0.000446
Riacho dos Machados,Riacho dos Machados,,10.35,41.36,284.6,5,0.000261
Jaíba,Jaíba,,8.1,23.72,80.7,5,0.000737
Acaiaca,Acaiaca,,0,73.8,0,3,0.000263
Carmo da Mata,Carmo da Mata,,26.14,17.3,113.65,6,0.001356
São Francisco de Sales,São Francisco de Sales,,81.3,64.27,2693.55,6,0.000811
Patrocínio do Muriaé,Patrocínio do Muriaé,,17.8,0,1539.28,3,0.00036
Piedade de Ponte Nova,Piedade de Ponte Nova,,0,308.57,652.17,3,0.000263
Unaí,Unaí,,256.98,708.5,3991.27,5,0.001781
Cordisburgo,Cordisburgo,,11.11,11.08,1058.2,5,0.000752
São José da Barra,São José da Barra,,123.8,0,501.97,4,0.000497
Santa Rita de Jacutinga,Santa Rita de Jacutinga,,0,0,20.39,4,0.000479
Campo Florido,Campo Florido,,91.21,76.08,1295.3,6,0.000779
Conceição das Alagoas,Conceição das Alagoas,,172.96,626.44,1648.13,6,0.000811
Várzea da Palma,Várzea da Palma,,36.33,38.34,3653.03,5,0.000667
Madre de Deus de Minas,Madre de Deus de Minas,,0,0,0,4,0.001055
Tiros,Tiros,,29.11,0,152.93,6,0.000446
Belo Vale,Belo Vale,,12.79,204.06,1063.55,0,0.000318
Alagoa,Alagoa,,0,0,74.54,4,0.000463
Passa Tempo,Passa Tempo,,23.95,0,295.86,6,0.000664
Natalândia,Natalândia,,29.59,0,875.08,5,0.000266
Guarda-Mor,Guarda-Mor,,44.52,222.68,6584.74,6,0.001302
Rosário da Limeira,Rosário da Limeira,,44.2,21.83,43.8,2,0.000251
Araçaí,Araçaí,,0,42.23,469.88,5,0.000607
Mathias Lobato,Mathias Lobato,,88.94,0,30.99,1,0.000246
Canápolis,Canápolis,,499.79,709.75,2162.16,6,0.000528
Carmo da Cachoeira,Carmo da Cachoeira,,48.77,24.29,0,4,0.000967
Mendes Pimentel,Mendes Pimentel,,0,0,0,1,0.000385
Congonhas do Norte,Congonhas do Norte,,0,0,19.83,0,0.000276
Lassance,Lassance,,45.02,120.05,2545.23,5,0.000811
Pirajuba,Pirajuba,,361.4,328.15,3888.15,6,0.000565
Vazante,Vazante,,19.37,211.7,3515.61,6,0.000789
Santo Antônio do Monte,Santo Antônio do Monte,,14.41,24.9,766.38,6,0.000705
Conceição da Barra de Minas,Conceição da Barra de Minas,,0,49.38,75.72,2,0.000251
Novorizonte,Novorizonte,,0,0,227.57,5,0.000265
Lagamar,Lagamar,,12.82,12.83,1756.92,6,0.000561
Varjão de Minas,Varjão de Minas,,44.37,28.79,961.67,6,0.00072
Conquista,Conquista,,145.03,201.15,2417.49,6,0.000332
"Água Comprida",Água Comprida,,193.8,242.95,2094.76,6,0.000258
Ponto Chique,Ponto Chique,,0,986.15,1203.68,5,0.00033
Tapira,Tapira,,22.02,0,21.23,6,0.000246
Ibiaí,Ibiaí,,12.03,35.71,1903.96,5,0.00033
José Gonçalves de Minas,José Gonçalves de Minas,,0,0,2369.35,0,0.000393
Grupiara,Grupiara,,282.49,0,7343.41,6,0.000255
Cabeceira Grande,Cabeceira Grande,,87.45,86.46,2084.24,5,0.000266
Formoso,Formoso,,22.06,0,561.98,5,0.000263
Serranópolis de Minas,Serranópolis de Minas,,42.44,83.88,105.22,5,0.000261
Guaraciama,Guaraciama,,100.77,1679.66,2563.58,5,0.000246
Francisco Badaró,Francisco Badaró,,0,9.47,2020.69,0,0.000315
Santana do Garambéu,Santana do Garambéu,,0,0,0,2,0.000254
